timestamp,platform_id,tank_id,pipe_id,pipe_type,flow_rate_m3_h,status
2026-05-21T16:25:38,FPSO-02,TK-03,PIPE-IN-05,ENTRADA,136.9494,NORMAL
2026-05-21T16:25:40,FPSO-02,TK-03,PIPE-IN-05,ENTRADA,137.0392,NORMAL
2026-05-21T16:25:42,FPSO-02,TK-03,PIPE-IN-05,ENTRADA,127.9868,NORMAL
2026-05-21T16:25:44,FPSO-02,TK-03,PIPE-IN-05,ENTRADA,142.2795,NORMAL
2026-05-21T16:25:46,FPSO-02,TK-03,PIPE-IN-05,ENTRADA,129.0622,NORMAL
2026-05-21T16:25:48,FPSO-02,TK-03,PIPE-IN-05,ENTRADA,135.677,NORMAL
2026-05-21T16:25:50,FPSO-02,TK-03,PIPE-IN-05,ENTRADA,132.3682,NORMAL
2026-05-21T16:25:52,FPSO-02,TK-03,PIPE-IN-05,ENTRADA,135.8418,NORMAL
2026-05-21T16:25:54,FPSO-02,TK-03,PIPE-IN-05,ENTRADA,134.0685,NORMAL
2026-05-21T16:25:56,FPSO-02,TK-03,PIPE-IN-05,ENTRADA,127.7648,NORMAL
2026-05-21T16:25:58,FPSO-02,TK-03,PIPE-IN-05,ENTRADA,139.8778,NORMAL
2026-05-21T16:26:00,FPSO-02,TK-03,PIPE-IN-05,ENTRADA,134.983,NORMAL
2026-05-21T16:26:02,FPSO-02,TK-03,PIPE-IN-05,ENTRADA,140.9365,NORMAL
2026-05-21T16:26:04,FPSO-02,TK-03,PIPE-IN-05,ENTRADA,140.6922,NORMAL
2026-05-21T16:26:06,FPSO-02,TK-03,PIPE-IN-05,ENTRADA,127.0342,NORMAL
2026-05-21T16:26:08,FPSO-02,TK-03,PIPE-IN-05,ENTRADA,147.9,NORMAL
2026-05-21T16:26:10,FPSO-02,TK-03,PIPE-IN-05,ENTRADA,127.0065,NORMAL
2026-05-21T16:26:12,FPSO-02,TK-03,PIPE-IN-05,ENTRADA,141.8445,NORMAL
2026-05-21T16:26:14,FPSO-02,TK-03,PIPE-IN-05,ENTRADA,136.7284,NORMAL
2026-05-21T16:26:16,FPSO-02,TK-03,PIPE-IN-05,ENTRADA,133.6137,NORMAL
2026-05-21T16:26:18,FPSO-02,TK-03,PIPE-IN-05,ENTRADA,139.7791,NORMAL
2026-05-21T16:26:20,FPSO-02,TK-03,PIPE-IN-05,ENTRADA,130.6826,NORMAL
2026-05-21T16:26:22,FPSO-02,TK-03,PIPE-IN-05,ENTRADA,139.8071,NORMAL
2026-05-21T16:26:24,FPSO-02,TK-03,PIPE-IN-05,ENTRADA,130.5353,NORMAL
2026-05-21T16:26:26,FPSO-02,TK-03,PIPE-IN-05,ENTRADA,141.6993,NORMAL
2026-05-21T16:26:28,FPSO-02,TK-03,PIPE-IN-05,ENTRADA,135.6636,NORMAL
2026-05-21T16:26:30,FPSO-02,TK-03,PIPE-IN-05,ENTRADA,129.8371,NORMAL
2026-05-21T16:26:33,FPSO-02,TK-03,PIPE-IN-05,ENTRADA,141.2173,NORMAL
2026-05-21T16:26:35,FPSO-02,TK-03,PIPE-IN-05,ENTRADA,125.3372,NORMAL
2026-05-21T16:26:37,FPSO-02,TK-03,PIPE-IN-05,ENTRADA,139.297,NORMAL
2026-05-21T16:26:39,FPSO-02,TK-03,PIPE-IN-05,ENTRADA,129.3713,NORMAL
2026-05-21T16:26:41,FPSO-02,TK-03,PIPE-IN-05,ENTRADA,136.4868,NORMAL
2026-05-21T16:26:43,FPSO-02,TK-03,PIPE-IN-05,ENTRADA,136.2362,NORMAL
2026-05-21T16:26:45,FPSO-02,TK-03,PIPE-IN-05,ENTRADA,125.4399,NORMAL
2026-05-21T16:26:47,FPSO-02,TK-03,PIPE-IN-05,ENTRADA,139.9907,NORMAL
2026-05-21T16:26:49,FPSO-02,TK-03,PIPE-IN-05,ENTRADA,124.6364,NORMAL
2026-05-21T16:26:51,FPSO-02,TK-03,PIPE-IN-05,ENTRADA,129.8022,NORMAL
2026-05-21T16:26:53,FPSO-02,TK-03,PIPE-IN-05,ENTRADA,130.1793,NORMAL
2026-05-21T16:26:55,FPSO-02,TK-03,PIPE-IN-05,ENTRADA,120.0736,NORMAL
2026-05-21T16:26:57,FPSO-02,TK-03,PIPE-IN-05,ENTRADA,131.2319,NORMAL
2026-05-21T16:26:59,FPSO-02,TK-03,PIPE-IN-05,ENTRADA,120.1653,NORMAL
2026-05-21T16:27:01,FPSO-02,TK-03,PIPE-IN-05,ENTRADA,126.0411,NORMAL
2026-05-21T16:27:03,FPSO-02,TK-03,PIPE-IN-05,ENTRADA,114.6482,NORMAL
2026-05-21T16:27:05,FPSO-02,TK-03,PIPE-IN-05,ENTRADA,117.9536,NORMAL
2026-05-21T16:27:07,FPSO-02,TK-03,PIPE-IN-05,ENTRADA,118.1311,NORMAL
2026-05-21T16:27:09,FPSO-02,TK-03,PIPE-IN-05,ENTRADA,108.4722,NORMAL
2026-05-21T16:27:11,FPSO-02,TK-03,PIPE-IN-05,ENTRADA,122.4867,NORMAL
2026-05-21T16:27:13,FPSO-02,TK-03,PIPE-IN-05,ENTRADA,114.9344,NORMAL
2026-05-21T16:27:15,FPSO-02,TK-03,PIPE-IN-05,ENTRADA,118.5541,NORMAL
2026-05-21T16:27:17,FPSO-02,TK-03,PIPE-IN-05,ENTRADA,108.6045,NORMAL
2026-05-21T16:27:19,FPSO-02,TK-03,PIPE-IN-05,ENTRADA,112.7671,NORMAL
2026-05-21T16:27:21,FPSO-02,TK-03,PIPE-IN-05,ENTRADA,120.8419,NORMAL
2026-05-21T16:27:23,FPSO-02,TK-03,PIPE-IN-05,ENTRADA,108.5175,NORMAL
2026-05-21T16:27:25,FPSO-02,TK-03,PIPE-IN-05,ENTRADA,121.2297,NORMAL
2026-05-21T16:27:27,FPSO-02,TK-03,PIPE-IN-05,ENTRADA,110.0238,NORMAL
2026-05-21T16:27:29,FPSO-02,TK-03,PIPE-IN-05,ENTRADA,112.5478,NORMAL
2026-05-21T16:27:31,FPSO-02,TK-03,PIPE-IN-05,ENTRADA,115.6097,NORMAL
2026-05-21T16:27:33,FPSO-02,TK-03,PIPE-IN-05,ENTRADA,100.5814,NORMAL
2026-05-21T16:27:35,FPSO-02,TK-03,PIPE-IN-05,ENTRADA,110.3244,NORMAL
2026-05-21T16:27:37,FPSO-02,TK-03,PIPE-IN-05,ENTRADA,101.6635,NORMAL
2026-05-21T16:27:39,FPSO-02,TK-03,PIPE-IN-05,ENTRADA,101.8592,NORMAL
2026-05-21T16:27:41,FPSO-02,TK-03,PIPE-IN-05,ENTRADA,103.8677,NORMAL
2026-05-21T16:27:43,FPSO-02,TK-03,PIPE-IN-05,ENTRADA,104.5368,NORMAL
2026-05-21T16:27:45,FPSO-02,TK-03,PIPE-IN-05,ENTRADA,113.15,NORMAL
2026-05-21T16:27:47,FPSO-02,TK-03,PIPE-IN-05,ENTRADA,94.8909,NORMAL
2026-05-21T16:27:49,FPSO-02,TK-03,PIPE-IN-05,ENTRADA,115.8148,NORMAL
2026-05-21T16:27:51,FPSO-02,TK-03,PIPE-IN-05,ENTRADA,98.4404,NORMAL
2026-05-21T16:27:53,FPSO-02,TK-03,PIPE-IN-05,ENTRADA,107.9281,NORMAL
2026-05-21T16:27:55,FPSO-02,TK-03,PIPE-IN-05,ENTRADA,106.3788,NORMAL
2026-05-21T16:27:57,FPSO-02,TK-03,PIPE-IN-05,ENTRADA,98.8094,NORMAL
2026-05-21T16:27:59,FPSO-02,TK-03,PIPE-IN-05,ENTRADA,108.6096,NORMAL
2026-05-21T16:28:01,FPSO-02,TK-03,PIPE-IN-05,ENTRADA,94.1622,NORMAL
2026-05-21T16:28:03,FPSO-02,TK-03,PIPE-IN-05,ENTRADA,107.6293,NORMAL
2026-05-21T16:28:05,FPSO-02,TK-03,PIPE-IN-05,ENTRADA,94.339,NORMAL
2026-05-21T16:28:07,FPSO-02,TK-03,PIPE-IN-05,ENTRADA,103.5482,NORMAL
2026-05-21T16:28:09,FPSO-02,TK-03,PIPE-IN-05,ENTRADA,107.3396,NORMAL
2026-05-21T16:28:11,FPSO-02,TK-03,PIPE-IN-05,ENTRADA,92.6968,NORMAL
2026-05-21T16:28:13,FPSO-02,TK-03,PIPE-IN-05,ENTRADA,109.1277,NORMAL
2026-05-21T16:28:15,FPSO-02,TK-03,PIPE-IN-05,ENTRADA,95.2342,NORMAL
2026-05-21T16:28:17,FPSO-02,TK-03,PIPE-IN-05,ENTRADA,101.0013,NORMAL
2026-05-21T16:28:19,FPSO-02,TK-03,PIPE-IN-05,ENTRADA,97.8549,NORMAL
2026-05-21T16:28:21,FPSO-02,TK-03,PIPE-IN-05,ENTRADA,102.768,NORMAL
2026-05-21T16:28:23,FPSO-02,TK-03,PIPE-IN-05,ENTRADA,107.5945,NORMAL
2026-05-21T16:28:25,FPSO-02,TK-03,PIPE-IN-05,ENTRADA,101.551,NORMAL
2026-05-21T16:28:28,FPSO-02,TK-03,PIPE-IN-05,ENTRADA,112.8274,NORMAL
2026-05-21T16:28:30,FPSO-02,TK-03,PIPE-IN-05,ENTRADA,106.3264,NORMAL
2026-05-21T16:28:32,FPSO-02,TK-03,PIPE-IN-05,ENTRADA,112.6299,NORMAL
2026-05-21T16:28:34,FPSO-02,TK-03,PIPE-IN-05,ENTRADA,106.8363,NORMAL
2026-05-21T16:28:36,FPSO-02,TK-03,PIPE-IN-05,ENTRADA,114.4701,NORMAL
2026-05-21T16:28:38,FPSO-02,TK-03,PIPE-IN-05,ENTRADA,116.3164,NORMAL
2026-05-21T16:28:40,FPSO-02,TK-03,PIPE-IN-05,ENTRADA,104.2104,NORMAL
2026-05-21T16:28:42,FPSO-02,TK-03,PIPE-IN-05,ENTRADA,118.2384,NORMAL
2026-05-21T16:28:44,FPSO-02,TK-03,PIPE-IN-05,ENTRADA,106.7583,NORMAL
2026-05-21T16:28:46,FPSO-02,TK-03,PIPE-IN-05,ENTRADA,123.7905,NORMAL
2026-05-21T16:28:48,FPSO-02,TK-03,PIPE-IN-05,ENTRADA,122.9762,NORMAL
2026-05-21T16:28:50,FPSO-02,TK-03,PIPE-IN-05,ENTRADA,122.6719,NORMAL
2026-05-21T16:28:52,FPSO-02,TK-03,PIPE-IN-05,ENTRADA,121.3068,NORMAL
2026-05-21T16:28:54,FPSO-02,TK-03,PIPE-IN-05,ENTRADA,120.3748,NORMAL
2026-05-21T16:28:56,FPSO-02,TK-03,PIPE-IN-05,ENTRADA,127.9771,NORMAL
2026-05-21T16:28:58,FPSO-02,TK-03,PIPE-IN-05,ENTRADA,127.0066,NORMAL
2026-05-21T16:29:00,FPSO-02,TK-03,PIPE-IN-05,ENTRADA,132.4427,NORMAL
