timestamp,platform_id,tank_id,side,tank_level_percent,status
2026-05-21T16:25:38,FPSO-01,TK-04,PAR,19.9146,NORMAL
2026-05-21T16:25:40,FPSO-01,TK-04,PAR,20.1381,NORMAL
2026-05-21T16:25:42,FPSO-01,TK-04,PAR,19.7953,NORMAL
2026-05-21T16:25:44,FPSO-01,TK-04,PAR,19.9882,NORMAL
2026-05-21T16:25:46,FPSO-01,TK-04,PAR,19.8211,NORMAL
2026-05-21T16:25:48,FPSO-01,TK-04,PAR,20.1143,NORMAL
2026-05-21T16:25:50,FPSO-01,TK-04,PAR,20.1219,NORMAL
2026-05-21T16:25:52,FPSO-01,TK-04,PAR,20.1923,NORMAL
2026-05-21T16:25:54,FPSO-01,TK-04,PAR,19.8178,NORMAL
2026-05-21T16:25:56,FPSO-01,TK-04,PAR,19.8595,NORMAL
2026-05-21T16:25:58,FPSO-01,TK-04,PAR,20.1218,NORMAL
2026-05-21T16:26:00,FPSO-01,TK-04,PAR,20.0213,CRÍTICO
2026-05-21T16:26:02,FPSO-01,TK-04,PAR,19.8525,CRÍTICO
2026-05-21T16:26:04,FPSO-01,TK-04,PAR,19.9043,CRÍTICO
2026-05-21T16:26:06,FPSO-01,TK-04,PAR,19.9638,CRÍTICO
2026-05-21T16:26:08,FPSO-01,TK-04,PAR,19.9699,CRÍTICO
2026-05-21T16:26:10,FPSO-01,TK-04,PAR,20.1146,CRÍTICO
2026-05-21T16:26:12,FPSO-01,TK-04,PAR,19.9403,CRÍTICO
2026-05-21T16:26:14,FPSO-01,TK-04,PAR,20.2591,CRÍTICO
2026-05-21T16:26:16,FPSO-01,TK-04,PAR,19.9454,CRÍTICO
2026-05-21T16:26:18,FPSO-01,TK-04,PAR,19.8818,CRÍTICO
2026-05-21T16:26:20,FPSO-01,TK-04,PAR,19.9522,CRÍTICO
2026-05-21T16:26:22,FPSO-01,TK-04,PAR,20.2126,CRÍTICO
2026-05-21T16:26:24,FPSO-01,TK-04,PAR,19.9694,CRÍTICO
2026-05-21T16:26:26,FPSO-01,TK-04,PAR,20.1329,CRÍTICO
2026-05-21T16:26:28,FPSO-01,TK-04,PAR,20.017,CRÍTICO
2026-05-21T16:26:30,FPSO-01,TK-04,PAR,20.1049,CRÍTICO
2026-05-21T16:26:33,FPSO-01,TK-04,PAR,19.8629,CRÍTICO
2026-05-21T16:26:35,FPSO-01,TK-04,PAR,19.9592,CRÍTICO
2026-05-21T16:26:37,FPSO-01,TK-04,PAR,20.0213,CRÍTICO
2026-05-21T16:26:39,FPSO-01,TK-04,PAR,19.7529,CRÍTICO
2026-05-21T16:26:41,FPSO-01,TK-04,PAR,20.1351,CRÍTICO
2026-05-21T16:26:43,FPSO-01,TK-04,PAR,20.1218,CRÍTICO
2026-05-21T16:26:45,FPSO-01,TK-04,PAR,20.052,CRÍTICO
2026-05-21T16:26:47,FPSO-01,TK-04,PAR,20.2328,CRÍTICO
2026-05-21T16:26:49,FPSO-01,TK-04,PAR,19.9679,CRÍTICO
2026-05-21T16:26:51,FPSO-01,TK-04,PAR,20.1666,CRÍTICO
2026-05-21T16:26:53,FPSO-01,TK-04,PAR,20.0871,CRÍTICO
2026-05-21T16:26:55,FPSO-01,TK-04,PAR,20.0632,CRÍTICO
2026-05-21T16:26:57,FPSO-01,TK-04,PAR,20.1483,CRÍTICO
2026-05-21T16:26:59,FPSO-01,TK-04,PAR,19.9756,CRÍTICO
2026-05-21T16:27:01,FPSO-01,TK-04,PAR,20.1103,CRÍTICO
2026-05-21T16:27:03,FPSO-01,TK-04,PAR,20.172,CRÍTICO
2026-05-21T16:27:05,FPSO-01,TK-04,PAR,20.0588,CRÍTICO
2026-05-21T16:27:07,FPSO-01,TK-04,PAR,20.1432,CRÍTICO
2026-05-21T16:27:09,FPSO-01,TK-04,PAR,19.9752,CRÍTICO
2026-05-21T16:27:11,FPSO-01,TK-04,PAR,20.0207,CRÍTICO
2026-05-21T16:27:13,FPSO-01,TK-04,PAR,20.0746,CRÍTICO
2026-05-21T16:27:15,FPSO-01,TK-04,PAR,20.1499,CRÍTICO
2026-05-21T16:27:17,FPSO-01,TK-04,PAR,20.1885,CRÍTICO
2026-05-21T16:27:19,FPSO-01,TK-04,PAR,20.0587,CRÍTICO
2026-05-21T16:27:21,FPSO-01,TK-04,PAR,20.0021,CRÍTICO
2026-05-21T16:27:23,FPSO-01,TK-04,PAR,19.8944,CRÍTICO
2026-05-21T16:27:25,FPSO-01,TK-04,PAR,20.0388,CRÍTICO
2026-05-21T16:27:27,FPSO-01,TK-04,PAR,20.2925,CRÍTICO
2026-05-21T16:27:29,FPSO-01,TK-04,PAR,20.2381,CRÍTICO
2026-05-21T16:27:31,FPSO-01,TK-04,PAR,19.7897,CRÍTICO
2026-05-21T16:27:33,FPSO-01,TK-04,PAR,20.0773,CRÍTICO
2026-05-21T16:27:35,FPSO-01,TK-04,PAR,19.9946,CRÍTICO
2026-05-21T16:27:37,FPSO-01,TK-04,PAR,20.0363,CRÍTICO
2026-05-21T16:27:39,FPSO-01,TK-04,PAR,20.104,CRÍTICO
2026-05-21T16:27:41,FPSO-01,TK-04,PAR,19.9405,CRÍTICO
2026-05-21T16:27:43,FPSO-01,TK-04,PAR,20.1218,CRÍTICO
2026-05-21T16:27:45,FPSO-01,TK-04,PAR,20.18,CRÍTICO
2026-05-21T16:27:47,FPSO-01,TK-04,PAR,20.2493,CRÍTICO
2026-05-21T16:27:49,FPSO-01,TK-04,PAR,20.11,CRÍTICO
2026-05-21T16:27:51,FPSO-01,TK-04,PAR,20.2672,CRÍTICO
2026-05-21T16:27:53,FPSO-01,TK-04,PAR,20.0401,CRÍTICO
2026-05-21T16:27:55,FPSO-01,TK-04,PAR,20.0858,CRÍTICO
2026-05-21T16:27:57,FPSO-01,TK-04,PAR,20.2615,CRÍTICO
2026-05-21T16:27:59,FPSO-01,TK-04,PAR,19.9887,CRÍTICO
2026-05-21T16:28:01,FPSO-01,TK-04,PAR,20.2961,CRÍTICO
2026-05-21T16:28:03,FPSO-01,TK-04,PAR,20.1064,CRÍTICO
2026-05-21T16:28:05,FPSO-01,TK-04,PAR,20.0448,CRÍTICO
2026-05-21T16:28:07,FPSO-01,TK-04,PAR,20.1015,CRÍTICO
2026-05-21T16:28:09,FPSO-01,TK-04,PAR,20.0057,CRÍTICO
2026-05-21T16:28:11,FPSO-01,TK-04,PAR,20.1075,CRÍTICO
2026-05-21T16:28:13,FPSO-01,TK-04,PAR,20.0324,CRÍTICO
2026-05-21T16:28:15,FPSO-01,TK-04,PAR,20.2299,CRÍTICO
2026-05-21T16:28:17,FPSO-01,TK-04,PAR,20.1992,CRÍTICO
2026-05-21T16:28:19,FPSO-01,TK-04,PAR,20.2071,CRÍTICO
2026-05-21T16:28:21,FPSO-01,TK-04,PAR,19.8091,CRÍTICO
2026-05-21T16:28:23,FPSO-01,TK-04,PAR,20.2319,CRÍTICO
2026-05-21T16:28:25,FPSO-01,TK-04,PAR,20.2001,CRÍTICO
2026-05-21T16:28:28,FPSO-01,TK-04,PAR,20.2292,CRÍTICO
2026-05-21T16:28:30,FPSO-01,TK-04,PAR,20.357,CRÍTICO
2026-05-21T16:28:32,FPSO-01,TK-04,PAR,20.1419,CRÍTICO
2026-05-21T16:28:34,FPSO-01,TK-04,PAR,20.1323,CRÍTICO
2026-05-21T16:28:36,FPSO-01,TK-04,PAR,20.2279,CRÍTICO
2026-05-21T16:28:38,FPSO-01,TK-04,PAR,19.9989,CRÍTICO
2026-05-21T16:28:40,FPSO-01,TK-04,PAR,20.3839,CRÍTICO
2026-05-21T16:28:42,FPSO-01,TK-04,PAR,20.2624,CRÍTICO
2026-05-21T16:28:44,FPSO-01,TK-04,PAR,20.4229,CRÍTICO
2026-05-21T16:28:46,FPSO-01,TK-04,PAR,20.1764,CRÍTICO
2026-05-21T16:28:48,FPSO-01,TK-04,PAR,20.1818,CRÍTICO
2026-05-21T16:28:50,FPSO-01,TK-04,PAR,20.0767,CRÍTICO
2026-05-21T16:28:52,FPSO-01,TK-04,PAR,20.2574,CRÍTICO
2026-05-21T16:28:54,FPSO-01,TK-04,PAR,20.3861,CRÍTICO
2026-05-21T16:28:56,FPSO-01,TK-04,PAR,20.2945,CRÍTICO
2026-05-21T16:28:58,FPSO-01,TK-04,PAR,20.1629,CRÍTICO
2026-05-21T16:29:00,FPSO-01,TK-04,PAR,20.3367,CRÍTICO
