timestamp,platform_id,tank_id,flow_rate_m3_h,pressure_bar,tank_level_percent
2024-06-01T00:00:00,FPSO-01,TK-01,320.5,45.2,52.3
2024-06-01T00:01:00,FPSO-01,TK-01,318.9,45.5,52.6
2024-06-01T00:02:00,FPSO-01,TK-01,321.2,44.8,52.9
2024-06-01T00:03:00,FPSO-01,TK-01,319.7,45.1,53.2
2024-06-01T00:04:00,FPSO-01,TK-01,322.0,45.3,53.5
2024-06-01T00:05:00,FPSO-01,TK-01,317.4,46.0,53.8
2024-06-01T00:06:00,FPSO-01,TK-01,320.1,45.7,54.1
2024-06-01T00:07:00,FPSO-01,TK-01,318.3,45.9,54.4
2024-06-01T00:08:00,FPSO-01,TK-01,321.8,44.6,54.7
2024-06-01T00:09:00,FPSO-01,TK-01,319.0,45.2,55.0
2024-06-01T00:10:00,FPSO-01,TK-01,320.5,45.4,55.3
2024-06-01T00:11:00,FPSO-01,TK-01,318.7,45.6,55.6
2024-06-01T00:12:00,FPSO-01,TK-01,322.3,44.9,55.9
2024-06-01T00:13:00,FPSO-01,TK-01,319.5,45.3,56.2
2024-06-01T00:14:00,FPSO-01,TK-01,320.9,45.1,56.5
2024-06-01T00:00:00,FPSO-01,TK-02,410.2,67.3,88.1
2024-06-01T00:01:00,FPSO-01,TK-02,408.5,67.8,88.5
2024-06-01T00:02:00,FPSO-01,TK-02,411.0,67.1,88.9
2024-06-01T00:03:00,FPSO-01,TK-02,409.3,68.0,89.3
2024-06-01T00:04:00,FPSO-01,TK-02,412.1,67.5,89.7
2024-06-01T00:05:00,FPSO-01,TK-02,407.8,68.2,90.1
2024-06-01T00:06:00,FPSO-01,TK-02,410.6,67.9,90.5
2024-06-01T00:07:00,FPSO-01,TK-02,409.0,68.4,90.9
2024-06-01T00:08:00,FPSO-01,TK-02,411.4,67.2,91.3
2024-06-01T00:09:00,FPSO-01,TK-02,408.2,68.1,91.7
2024-06-01T00:10:00,FPSO-01,TK-02,410.9,67.6,92.1
2024-06-01T00:11:00,FPSO-01,TK-02,409.7,68.3,92.5
2024-06-01T00:12:00,FPSO-01,TK-02,412.5,67.0,92.9
2024-06-01T00:13:00,FPSO-01,TK-02,408.8,68.5,93.3
2024-06-01T00:14:00,FPSO-01,TK-02,411.3,67.4,93.7
2024-06-01T00:00:00,FPSO-01,TK-03,500.0,72.1,40.0
2024-06-01T00:01:00,FPSO-01,TK-03,498.2,72.4,40.3
2024-06-01T00:02:00,FPSO-01,TK-03,501.5,71.9,40.6
2024-06-01T00:03:00,FPSO-01,TK-03,499.0,72.6,40.9
2024-06-01T00:04:00,FPSO-01,TK-03,502.3,72.0,41.2
2024-06-01T00:05:00,FPSO-01,TK-03,350.1,89.4,41.5
2024-06-01T00:06:00,FPSO-01,TK-03,280.4,105.2,41.8
2024-06-01T00:07:00,FPSO-01,TK-03,210.7,118.7,42.0
2024-06-01T00:08:00,FPSO-01,TK-03,180.2,130.1,42.2
2024-06-01T00:09:00,FPSO-01,TK-03,155.9,142.5,42.4
2024-06-01T00:10:00,FPSO-01,TK-03,140.3,151.8,42.5
2024-06-01T00:11:00,FPSO-01,TK-03,138.1,153.2,42.6
2024-06-01T00:12:00,FPSO-01,TK-03,135.7,154.9,42.7
2024-06-01T00:13:00,FPSO-01,TK-03,133.2,156.3,42.8
2024-06-01T00:14:00,FPSO-01,TK-03,130.0,158.1,42.9
2024-06-01T00:00:00,FPSO-02,TK-01,275.3,38.9,61.0
2024-06-01T00:01:00,FPSO-02,TK-01,274.1,39.2,61.3
2024-06-01T00:02:00,FPSO-02,TK-01,276.8,38.7,61.6
2024-06-01T00:03:00,FPSO-02,TK-01,273.5,39.4,61.9
2024-06-01T00:04:00,FPSO-02,TK-01,277.2,38.5,62.2
2024-06-01T00:05:00,FPSO-02,TK-01,274.9,39.1,62.5
2024-06-01T00:06:00,FPSO-02,TK-01,275.6,39.3,62.8
2024-06-01T00:07:00,FPSO-02,TK-01,273.8,39.0,63.1
2024-06-01T00:08:00,FPSO-02,TK-01,276.4,38.8,63.4
2024-06-01T00:09:00,FPSO-02,TK-01,274.7,39.5,63.7
2024-06-01T00:10:00,FPSO-02,TK-01,275.1,39.2,64.0
2024-06-01T00:11:00,FPSO-02,TK-01,273.9,38.6,64.3
2024-06-01T00:12:00,FPSO-02,TK-01,277.0,39.4,64.6
2024-06-01T00:13:00,FPSO-02,TK-01,274.3,39.1,64.9
2024-06-01T00:14:00,FPSO-02,TK-01,275.8,38.9,65.2
2024-06-01T00:00:00,FPSO-02,TK-02,190.0,28.4,77.5
2024-06-01T00:01:00,FPSO-02,TK-02,188.5,28.7,77.8
2024-06-01T00:02:00,FPSO-02,TK-02,191.3,28.1,78.1
2024-06-01T00:03:00,FPSO-02,TK-02,189.7,28.9,78.4
2024-06-01T00:04:00,FPSO-02,TK-02,190.8,28.3,78.7
2024-06-01T00:05:00,FPSO-02,TK-02,187.9,29.0,79.0
2024-06-01T00:06:00,FPSO-02,TK-02,191.5,28.6,79.3
2024-06-01T00:07:00,FPSO-02,TK-02,189.2,28.8,79.6
2024-06-01T00:08:00,FPSO-02,TK-02,190.4,28.2,79.9
2024-06-01T00:09:00,FPSO-02,TK-02,188.8,29.1,80.2
2024-06-01T00:10:00,FPSO-02,TK-02,191.0,28.5,80.5
2024-06-01T00:11:00,FPSO-02,TK-02,189.6,28.7,80.8
2024-06-01T00:12:00,FPSO-02,TK-02,190.2,28.3,81.1
2024-06-01T00:13:00,FPSO-02,TK-02,188.1,29.2,81.4
2024-06-01T00:14:00,FPSO-02,TK-02,191.7,28.0,81.7
