timestamp,platform_id,tank_id,side,sensor_type,pipe_id,pipe_type,tank_level_percent,flow_rate_m3_h,sensor_status
2026-05-21T16:25:38,FPSO-02,TK-02,,VAZAO,PIPE-IN-01,ENTRADA,,132.3409,NORMAL
2026-05-21T16:25:40,FPSO-02,TK-02,,VAZAO,PIPE-IN-01,ENTRADA,,137.8331,NORMAL
2026-05-21T16:25:42,FPSO-02,TK-02,,VAZAO,PIPE-IN-01,ENTRADA,,130.6034,NORMAL
2026-05-21T16:25:44,FPSO-02,TK-02,,VAZAO,PIPE-IN-01,ENTRADA,,145.8833,NORMAL
2026-05-21T16:25:46,FPSO-02,TK-02,,VAZAO,PIPE-IN-01,ENTRADA,,122.9984,NORMAL
2026-05-21T16:25:48,FPSO-02,TK-02,,VAZAO,PIPE-IN-01,ENTRADA,,142.426,NORMAL
2026-05-21T16:25:50,FPSO-02,TK-02,,VAZAO,PIPE-IN-01,ENTRADA,,139.4016,NORMAL
2026-05-21T16:25:52,FPSO-02,TK-02,,VAZAO,PIPE-IN-01,ENTRADA,,136.7864,NORMAL
2026-05-21T16:25:54,FPSO-02,TK-02,,VAZAO,PIPE-IN-01,ENTRADA,,143.8911,NORMAL
2026-05-21T16:25:56,FPSO-02,TK-02,,VAZAO,PIPE-IN-01,ENTRADA,,124.1754,NORMAL
2026-05-21T16:25:58,FPSO-02,TK-02,,VAZAO,PIPE-IN-01,ENTRADA,,143.6305,NORMAL
2026-05-21T16:26:00,FPSO-02,TK-02,,VAZAO,PIPE-IN-01,ENTRADA,,132.8737,NORMAL
2026-05-21T16:26:02,FPSO-02,TK-02,,VAZAO,PIPE-IN-01,ENTRADA,,133.8306,NORMAL
2026-05-21T16:26:04,FPSO-02,TK-02,,VAZAO,PIPE-IN-01,ENTRADA,,144.36,NORMAL
2026-05-21T16:26:06,FPSO-02,TK-02,,VAZAO,PIPE-IN-01,ENTRADA,,128.0655,NORMAL
2026-05-21T16:26:08,FPSO-02,TK-02,,VAZAO,PIPE-IN-01,ENTRADA,,141.077,NORMAL
2026-05-21T16:26:10,FPSO-02,TK-02,,VAZAO,PIPE-IN-01,ENTRADA,,133.4816,NORMAL
2026-05-21T16:26:12,FPSO-02,TK-02,,VAZAO,PIPE-IN-01,ENTRADA,,132.2833,NORMAL
2026-05-21T16:26:14,FPSO-02,TK-02,,VAZAO,PIPE-IN-01,ENTRADA,,138.3836,NORMAL
2026-05-21T16:26:16,FPSO-02,TK-02,,VAZAO,PIPE-IN-01,ENTRADA,,135.1532,NORMAL
2026-05-21T16:26:18,FPSO-02,TK-02,,VAZAO,PIPE-IN-01,ENTRADA,,141.3644,NORMAL
2026-05-21T16:26:20,FPSO-02,TK-02,,VAZAO,PIPE-IN-01,ENTRADA,,131.6523,NORMAL
2026-05-21T16:26:22,FPSO-02,TK-02,,VAZAO,PIPE-IN-01,ENTRADA,,143.9181,NORMAL
2026-05-21T16:26:24,FPSO-02,TK-02,,VAZAO,PIPE-IN-01,ENTRADA,,132.1295,NORMAL
2026-05-21T16:26:26,FPSO-02,TK-02,,VAZAO,PIPE-IN-01,ENTRADA,,136.8561,NORMAL
2026-05-21T16:26:28,FPSO-02,TK-02,,VAZAO,PIPE-IN-01,ENTRADA,,135.381,NORMAL
2026-05-21T16:26:30,FPSO-02,TK-02,,VAZAO,PIPE-IN-01,ENTRADA,,126.964,NORMAL
2026-05-21T16:26:33,FPSO-02,TK-02,,VAZAO,PIPE-IN-01,ENTRADA,,146.0756,NORMAL
2026-05-21T16:26:35,FPSO-02,TK-02,,VAZAO,PIPE-IN-01,ENTRADA,,123.1229,NORMAL
2026-05-21T16:26:37,FPSO-02,TK-02,,VAZAO,PIPE-IN-01,ENTRADA,,138.5236,NORMAL
2026-05-21T16:26:39,FPSO-02,TK-02,,VAZAO,PIPE-IN-01,ENTRADA,,137.6527,NORMAL
2026-05-21T16:26:41,FPSO-02,TK-02,,VAZAO,PIPE-IN-01,ENTRADA,,121.1916,NORMAL
2026-05-21T16:26:43,FPSO-02,TK-02,,VAZAO,PIPE-IN-01,ENTRADA,,130.2128,NORMAL
2026-05-21T16:26:45,FPSO-02,TK-02,,VAZAO,PIPE-IN-01,ENTRADA,,125.9536,NORMAL
2026-05-21T16:26:47,FPSO-02,TK-02,,VAZAO,PIPE-IN-01,ENTRADA,,135.5897,NORMAL
2026-05-21T16:26:49,FPSO-02,TK-02,,VAZAO,PIPE-IN-01,ENTRADA,,119.9737,NORMAL
2026-05-21T16:26:51,FPSO-02,TK-02,,VAZAO,PIPE-IN-01,ENTRADA,,119.2326,NORMAL
2026-05-21T16:26:53,FPSO-02,TK-02,,VAZAO,PIPE-IN-01,ENTRADA,,129.6766,NORMAL
2026-05-21T16:26:55,FPSO-02,TK-02,,VAZAO,PIPE-IN-01,ENTRADA,,119.9799,NORMAL
2026-05-21T16:26:57,FPSO-02,TK-02,,VAZAO,PIPE-IN-01,ENTRADA,,133.212,NORMAL
2026-05-21T16:26:59,FPSO-02,TK-02,,VAZAO,PIPE-IN-01,ENTRADA,,119.0655,NORMAL
2026-05-21T16:27:01,FPSO-02,TK-02,,VAZAO,PIPE-IN-01,ENTRADA,,124.5499,NORMAL
2026-05-21T16:27:03,FPSO-02,TK-02,,VAZAO,PIPE-IN-01,ENTRADA,,123.4919,NORMAL
2026-05-21T16:27:05,FPSO-02,TK-02,,VAZAO,PIPE-IN-01,ENTRADA,,123.0399,NORMAL
2026-05-21T16:27:07,FPSO-02,TK-02,,VAZAO,PIPE-IN-01,ENTRADA,,124.0992,NORMAL
2026-05-21T16:27:09,FPSO-02,TK-02,,VAZAO,PIPE-IN-01,ENTRADA,,116.5932,NORMAL
2026-05-21T16:27:11,FPSO-02,TK-02,,VAZAO,PIPE-IN-01,ENTRADA,,124.6654,NORMAL
2026-05-21T16:27:13,FPSO-02,TK-02,,VAZAO,PIPE-IN-01,ENTRADA,,117.1153,NORMAL
2026-05-21T16:27:15,FPSO-02,TK-02,,VAZAO,PIPE-IN-01,ENTRADA,,120.3175,NORMAL
2026-05-21T16:27:17,FPSO-02,TK-02,,VAZAO,PIPE-IN-01,ENTRADA,,120.0864,NORMAL
2026-05-21T16:27:19,FPSO-02,TK-02,,VAZAO,PIPE-IN-01,ENTRADA,,102.924,NORMAL
2026-05-21T16:27:21,FPSO-02,TK-02,,VAZAO,PIPE-IN-01,ENTRADA,,124.3402,NORMAL
2026-05-21T16:27:23,FPSO-02,TK-02,,VAZAO,PIPE-IN-01,ENTRADA,,102.6444,NORMAL
2026-05-21T16:27:25,FPSO-02,TK-02,,VAZAO,PIPE-IN-01,ENTRADA,,116.8582,NORMAL
2026-05-21T16:27:27,FPSO-02,TK-02,,VAZAO,PIPE-IN-01,ENTRADA,,114.0599,NORMAL
2026-05-21T16:27:29,FPSO-02,TK-02,,VAZAO,PIPE-IN-01,ENTRADA,,115.8272,NORMAL
2026-05-21T16:27:31,FPSO-02,TK-02,,VAZAO,PIPE-IN-01,ENTRADA,,116.57,NORMAL
2026-05-21T16:27:33,FPSO-02,TK-02,,VAZAO,PIPE-IN-01,ENTRADA,,108.8459,NORMAL
2026-05-21T16:27:35,FPSO-02,TK-02,,VAZAO,PIPE-IN-01,ENTRADA,,113.9676,NORMAL
2026-05-21T16:27:37,FPSO-02,TK-02,,VAZAO,PIPE-IN-01,ENTRADA,,95.5172,NORMAL
2026-05-21T16:27:39,FPSO-02,TK-02,,VAZAO,PIPE-IN-01,ENTRADA,,110.7621,NORMAL
2026-05-21T16:27:41,FPSO-02,TK-02,,VAZAO,PIPE-IN-01,ENTRADA,,103.2508,NORMAL
2026-05-21T16:27:43,FPSO-02,TK-02,,VAZAO,PIPE-IN-01,ENTRADA,,100.8449,NORMAL
2026-05-21T16:27:45,FPSO-02,TK-02,,VAZAO,PIPE-IN-01,ENTRADA,,109.2087,NORMAL
2026-05-21T16:27:47,FPSO-02,TK-02,,VAZAO,PIPE-IN-01,ENTRADA,,103.5381,NORMAL
2026-05-21T16:27:49,FPSO-02,TK-02,,VAZAO,PIPE-IN-01,ENTRADA,,111.6182,NORMAL
2026-05-21T16:27:51,FPSO-02,TK-02,,VAZAO,PIPE-IN-01,ENTRADA,,94.0734,NORMAL
2026-05-21T16:27:53,FPSO-02,TK-02,,VAZAO,PIPE-IN-01,ENTRADA,,111.0243,NORMAL
2026-05-21T16:27:55,FPSO-02,TK-02,,VAZAO,PIPE-IN-01,ENTRADA,,106.8835,NORMAL
2026-05-21T16:27:57,FPSO-02,TK-02,,VAZAO,PIPE-IN-01,ENTRADA,,95.798,NORMAL
2026-05-21T16:27:59,FPSO-02,TK-02,,VAZAO,PIPE-IN-01,ENTRADA,,107.8967,NORMAL
2026-05-21T16:28:01,FPSO-02,TK-02,,VAZAO,PIPE-IN-01,ENTRADA,,88.0572,NORMAL
2026-05-21T16:28:03,FPSO-02,TK-02,,VAZAO,PIPE-IN-01,ENTRADA,,107.2172,NORMAL
2026-05-21T16:28:05,FPSO-02,TK-02,,VAZAO,PIPE-IN-01,ENTRADA,,100.3511,NORMAL
2026-05-21T16:28:07,FPSO-02,TK-02,,VAZAO,PIPE-IN-01,ENTRADA,,104.5417,NORMAL
2026-05-21T16:28:09,FPSO-02,TK-02,,VAZAO,PIPE-IN-01,ENTRADA,,107.1918,NORMAL
2026-05-21T16:28:11,FPSO-02,TK-02,,VAZAO,PIPE-IN-01,ENTRADA,,97.5267,NORMAL
2026-05-21T16:28:13,FPSO-02,TK-02,,VAZAO,PIPE-IN-01,ENTRADA,,107.1536,NORMAL
2026-05-21T16:28:15,FPSO-02,TK-02,,VAZAO,PIPE-IN-01,ENTRADA,,96.9093,NORMAL
2026-05-21T16:28:17,FPSO-02,TK-02,,VAZAO,PIPE-IN-01,ENTRADA,,107.1277,NORMAL
2026-05-21T16:28:19,FPSO-02,TK-02,,VAZAO,PIPE-IN-01,ENTRADA,,102.4616,NORMAL
2026-05-21T16:28:21,FPSO-02,TK-02,,VAZAO,PIPE-IN-01,ENTRADA,,102.8257,NORMAL
2026-05-21T16:28:23,FPSO-02,TK-02,,VAZAO,PIPE-IN-01,ENTRADA,,102.4315,NORMAL
2026-05-21T16:28:25,FPSO-02,TK-02,,VAZAO,PIPE-IN-01,ENTRADA,,102.9948,NORMAL
2026-05-21T16:28:28,FPSO-02,TK-02,,VAZAO,PIPE-IN-01,ENTRADA,,120.5283,NORMAL
2026-05-21T16:28:30,FPSO-02,TK-02,,VAZAO,PIPE-IN-01,ENTRADA,,103.2211,NORMAL
2026-05-21T16:28:32,FPSO-02,TK-02,,VAZAO,PIPE-IN-01,ENTRADA,,116.459,NORMAL
2026-05-21T16:28:34,FPSO-02,TK-02,,VAZAO,PIPE-IN-01,ENTRADA,,103.0853,NORMAL
2026-05-21T16:28:36,FPSO-02,TK-02,,VAZAO,PIPE-IN-01,ENTRADA,,108.3472,NORMAL
2026-05-21T16:28:38,FPSO-02,TK-02,,VAZAO,PIPE-IN-01,ENTRADA,,118.1799,NORMAL
2026-05-21T16:28:40,FPSO-02,TK-02,,VAZAO,PIPE-IN-01,ENTRADA,,110.8269,NORMAL
2026-05-21T16:28:42,FPSO-02,TK-02,,VAZAO,PIPE-IN-01,ENTRADA,,125.2698,NORMAL
2026-05-21T16:28:44,FPSO-02,TK-02,,VAZAO,PIPE-IN-01,ENTRADA,,108.3474,NORMAL
2026-05-21T16:28:46,FPSO-02,TK-02,,VAZAO,PIPE-IN-01,ENTRADA,,122.6112,NORMAL
2026-05-21T16:28:48,FPSO-02,TK-02,,VAZAO,PIPE-IN-01,ENTRADA,,116.1543,NORMAL
2026-05-21T16:28:50,FPSO-02,TK-02,,VAZAO,PIPE-IN-01,ENTRADA,,117.6323,NORMAL
2026-05-21T16:28:52,FPSO-02,TK-02,,VAZAO,PIPE-IN-01,ENTRADA,,126.2482,NORMAL
2026-05-21T16:28:54,FPSO-02,TK-02,,VAZAO,PIPE-IN-01,ENTRADA,,123.1333,NORMAL
2026-05-21T16:28:56,FPSO-02,TK-02,,VAZAO,PIPE-IN-01,ENTRADA,,126.2124,NORMAL
2026-05-21T16:28:58,FPSO-02,TK-02,,VAZAO,PIPE-IN-01,ENTRADA,,117.1102,NORMAL
2026-05-21T16:29:00,FPSO-02,TK-02,,VAZAO,PIPE-IN-01,ENTRADA,,131.6182,NORMAL
2026-05-21T16:25:38,FPSO-02,TK-02,,VAZAO,PIPE-IN-02,ENTRADA,,140.8888,NORMAL
2026-05-21T16:25:40,FPSO-02,TK-02,,VAZAO,PIPE-IN-02,ENTRADA,,145.3151,NORMAL
2026-05-21T16:25:42,FPSO-02,TK-02,,VAZAO,PIPE-IN-02,ENTRADA,,120.7857,NORMAL
2026-05-21T16:25:44,FPSO-02,TK-02,,VAZAO,PIPE-IN-02,ENTRADA,,142.7954,NORMAL
2026-05-21T16:25:46,FPSO-02,TK-02,,VAZAO,PIPE-IN-02,ENTRADA,,132.0301,NORMAL
2026-05-21T16:25:48,FPSO-02,TK-02,,VAZAO,PIPE-IN-02,ENTRADA,,138.3803,NORMAL
2026-05-21T16:25:50,FPSO-02,TK-02,,VAZAO,PIPE-IN-02,ENTRADA,,143.3748,NORMAL
2026-05-21T16:25:52,FPSO-02,TK-02,,VAZAO,PIPE-IN-02,ENTRADA,,134.9489,NORMAL
2026-05-21T16:25:54,FPSO-02,TK-02,,VAZAO,PIPE-IN-02,ENTRADA,,151.4767,NORMAL
2026-05-21T16:25:56,FPSO-02,TK-02,,VAZAO,PIPE-IN-02,ENTRADA,,132.2363,NORMAL
2026-05-21T16:25:58,FPSO-02,TK-02,,VAZAO,PIPE-IN-02,ENTRADA,,144.8116,NORMAL
2026-05-21T16:26:00,FPSO-02,TK-02,,VAZAO,PIPE-IN-02,ENTRADA,,138.1223,NORMAL
2026-05-21T16:26:02,FPSO-02,TK-02,,VAZAO,PIPE-IN-02,ENTRADA,,138.3825,NORMAL
2026-05-21T16:26:04,FPSO-02,TK-02,,VAZAO,PIPE-IN-02,ENTRADA,,140.3209,NORMAL
2026-05-21T16:26:06,FPSO-02,TK-02,,VAZAO,PIPE-IN-02,ENTRADA,,133.7991,NORMAL
2026-05-21T16:26:08,FPSO-02,TK-02,,VAZAO,PIPE-IN-02,ENTRADA,,149.663,NORMAL
2026-05-21T16:26:10,FPSO-02,TK-02,,VAZAO,PIPE-IN-02,ENTRADA,,131.7667,NORMAL
2026-05-21T16:26:12,FPSO-02,TK-02,,VAZAO,PIPE-IN-02,ENTRADA,,141.5787,NORMAL
2026-05-21T16:26:14,FPSO-02,TK-02,,VAZAO,PIPE-IN-02,ENTRADA,,139.368,NORMAL
2026-05-21T16:26:16,FPSO-02,TK-02,,VAZAO,PIPE-IN-02,ENTRADA,,135.9495,NORMAL
2026-05-21T16:26:18,FPSO-02,TK-02,,VAZAO,PIPE-IN-02,ENTRADA,,143.8791,NORMAL
2026-05-21T16:26:20,FPSO-02,TK-02,,VAZAO,PIPE-IN-02,ENTRADA,,129.6751,NORMAL
2026-05-21T16:26:22,FPSO-02,TK-02,,VAZAO,PIPE-IN-02,ENTRADA,,144.0152,NORMAL
2026-05-21T16:26:24,FPSO-02,TK-02,,VAZAO,PIPE-IN-02,ENTRADA,,128.1546,NORMAL
2026-05-21T16:26:26,FPSO-02,TK-02,,VAZAO,PIPE-IN-02,ENTRADA,,143.4649,NORMAL
2026-05-21T16:26:28,FPSO-02,TK-02,,VAZAO,PIPE-IN-02,ENTRADA,,141.2221,NORMAL
2026-05-21T16:26:30,FPSO-02,TK-02,,VAZAO,PIPE-IN-02,ENTRADA,,129.3702,NORMAL
2026-05-21T16:26:33,FPSO-02,TK-02,,VAZAO,PIPE-IN-02,ENTRADA,,132.7379,NORMAL
2026-05-21T16:26:35,FPSO-02,TK-02,,VAZAO,PIPE-IN-02,ENTRADA,,131.3275,NORMAL
2026-05-21T16:26:37,FPSO-02,TK-02,,VAZAO,PIPE-IN-02,ENTRADA,,138.3109,NORMAL
2026-05-21T16:26:39,FPSO-02,TK-02,,VAZAO,PIPE-IN-02,ENTRADA,,134.908,NORMAL
2026-05-21T16:26:41,FPSO-02,TK-02,,VAZAO,PIPE-IN-02,ENTRADA,,131.8012,NORMAL
2026-05-21T16:26:43,FPSO-02,TK-02,,VAZAO,PIPE-IN-02,ENTRADA,,141.5642,NORMAL
2026-05-21T16:26:45,FPSO-02,TK-02,,VAZAO,PIPE-IN-02,ENTRADA,,121.016,NORMAL
2026-05-21T16:26:47,FPSO-02,TK-02,,VAZAO,PIPE-IN-02,ENTRADA,,137.8553,NORMAL
2026-05-21T16:26:49,FPSO-02,TK-02,,VAZAO,PIPE-IN-02,ENTRADA,,126.7025,NORMAL
2026-05-21T16:26:51,FPSO-02,TK-02,,VAZAO,PIPE-IN-02,ENTRADA,,131.7682,NORMAL
2026-05-21T16:26:53,FPSO-02,TK-02,,VAZAO,PIPE-IN-02,ENTRADA,,125.181,NORMAL
2026-05-21T16:26:55,FPSO-02,TK-02,,VAZAO,PIPE-IN-02,ENTRADA,,123.2989,NORMAL
2026-05-21T16:26:57,FPSO-02,TK-02,,VAZAO,PIPE-IN-02,ENTRADA,,129.5637,NORMAL
2026-05-21T16:26:59,FPSO-02,TK-02,,VAZAO,PIPE-IN-02,ENTRADA,,122.6151,NORMAL
2026-05-21T16:27:01,FPSO-02,TK-02,,VAZAO,PIPE-IN-02,ENTRADA,,131.1705,NORMAL
2026-05-21T16:27:03,FPSO-02,TK-02,,VAZAO,PIPE-IN-02,ENTRADA,,122.388,NORMAL
2026-05-21T16:27:05,FPSO-02,TK-02,,VAZAO,PIPE-IN-02,ENTRADA,,114.9758,NORMAL
2026-05-21T16:27:07,FPSO-02,TK-02,,VAZAO,PIPE-IN-02,ENTRADA,,125.9123,NORMAL
2026-05-21T16:27:09,FPSO-02,TK-02,,VAZAO,PIPE-IN-02,ENTRADA,,115.7571,NORMAL
2026-05-21T16:27:11,FPSO-02,TK-02,,VAZAO,PIPE-IN-02,ENTRADA,,131.8481,NORMAL
2026-05-21T16:27:13,FPSO-02,TK-02,,VAZAO,PIPE-IN-02,ENTRADA,,117.6963,NORMAL
2026-05-21T16:27:15,FPSO-02,TK-02,,VAZAO,PIPE-IN-02,ENTRADA,,114.528,NORMAL
2026-05-21T16:27:17,FPSO-02,TK-02,,VAZAO,PIPE-IN-02,ENTRADA,,114.4808,NORMAL
2026-05-21T16:27:19,FPSO-02,TK-02,,VAZAO,PIPE-IN-02,ENTRADA,,110.7415,NORMAL
2026-05-21T16:27:21,FPSO-02,TK-02,,VAZAO,PIPE-IN-02,ENTRADA,,124.2496,NORMAL
2026-05-21T16:27:23,FPSO-02,TK-02,,VAZAO,PIPE-IN-02,ENTRADA,,111.4299,NORMAL
2026-05-21T16:27:25,FPSO-02,TK-02,,VAZAO,PIPE-IN-02,ENTRADA,,117.0691,NORMAL
2026-05-21T16:27:27,FPSO-02,TK-02,,VAZAO,PIPE-IN-02,ENTRADA,,116.1808,NORMAL
2026-05-21T16:27:29,FPSO-02,TK-02,,VAZAO,PIPE-IN-02,ENTRADA,,111.7077,NORMAL
2026-05-21T16:27:31,FPSO-02,TK-02,,VAZAO,PIPE-IN-02,ENTRADA,,113.4503,NORMAL
2026-05-21T16:27:33,FPSO-02,TK-02,,VAZAO,PIPE-IN-02,ENTRADA,,101.7471,NORMAL
2026-05-21T16:27:35,FPSO-02,TK-02,,VAZAO,PIPE-IN-02,ENTRADA,,121.1064,NORMAL
2026-05-21T16:27:37,FPSO-02,TK-02,,VAZAO,PIPE-IN-02,ENTRADA,,105.5037,NORMAL
2026-05-21T16:27:39,FPSO-02,TK-02,,VAZAO,PIPE-IN-02,ENTRADA,,114.3759,NORMAL
2026-05-21T16:27:41,FPSO-02,TK-02,,VAZAO,PIPE-IN-02,ENTRADA,,102.2383,NORMAL
2026-05-21T16:27:43,FPSO-02,TK-02,,VAZAO,PIPE-IN-02,ENTRADA,,99.4063,NORMAL
2026-05-21T16:27:45,FPSO-02,TK-02,,VAZAO,PIPE-IN-02,ENTRADA,,111.8948,NORMAL
2026-05-21T16:27:47,FPSO-02,TK-02,,VAZAO,PIPE-IN-02,ENTRADA,,102.5396,NORMAL
2026-05-21T16:27:49,FPSO-02,TK-02,,VAZAO,PIPE-IN-02,ENTRADA,,115.0487,NORMAL
2026-05-21T16:27:51,FPSO-02,TK-02,,VAZAO,PIPE-IN-02,ENTRADA,,96.8528,NORMAL
2026-05-21T16:27:53,FPSO-02,TK-02,,VAZAO,PIPE-IN-02,ENTRADA,,98.3021,NORMAL
2026-05-21T16:27:55,FPSO-02,TK-02,,VAZAO,PIPE-IN-02,ENTRADA,,104.6175,NORMAL
2026-05-21T16:27:57,FPSO-02,TK-02,,VAZAO,PIPE-IN-02,ENTRADA,,92.6267,NORMAL
2026-05-21T16:27:59,FPSO-02,TK-02,,VAZAO,PIPE-IN-02,ENTRADA,,108.9871,NORMAL
2026-05-21T16:28:01,FPSO-02,TK-02,,VAZAO,PIPE-IN-02,ENTRADA,,102.2345,NORMAL
2026-05-21T16:28:03,FPSO-02,TK-02,,VAZAO,PIPE-IN-02,ENTRADA,,105.0051,NORMAL
2026-05-21T16:28:05,FPSO-02,TK-02,,VAZAO,PIPE-IN-02,ENTRADA,,96.5346,NORMAL
2026-05-21T16:28:07,FPSO-02,TK-02,,VAZAO,PIPE-IN-02,ENTRADA,,101.5812,NORMAL
2026-05-21T16:28:09,FPSO-02,TK-02,,VAZAO,PIPE-IN-02,ENTRADA,,101.0625,NORMAL
2026-05-21T16:28:11,FPSO-02,TK-02,,VAZAO,PIPE-IN-02,ENTRADA,,101.0666,NORMAL
2026-05-21T16:28:13,FPSO-02,TK-02,,VAZAO,PIPE-IN-02,ENTRADA,,108.3527,NORMAL
2026-05-21T16:28:15,FPSO-02,TK-02,,VAZAO,PIPE-IN-02,ENTRADA,,97.1905,NORMAL
2026-05-21T16:28:17,FPSO-02,TK-02,,VAZAO,PIPE-IN-02,ENTRADA,,108.4261,NORMAL
2026-05-21T16:28:19,FPSO-02,TK-02,,VAZAO,PIPE-IN-02,ENTRADA,,103.2758,NORMAL
2026-05-21T16:28:21,FPSO-02,TK-02,,VAZAO,PIPE-IN-02,ENTRADA,,110.5235,NORMAL
2026-05-21T16:28:23,FPSO-02,TK-02,,VAZAO,PIPE-IN-02,ENTRADA,,106.8691,NORMAL
2026-05-21T16:28:25,FPSO-02,TK-02,,VAZAO,PIPE-IN-02,ENTRADA,,99.7393,NORMAL
2026-05-21T16:28:28,FPSO-02,TK-02,,VAZAO,PIPE-IN-02,ENTRADA,,114.8012,NORMAL
2026-05-21T16:28:30,FPSO-02,TK-02,,VAZAO,PIPE-IN-02,ENTRADA,,102.8107,NORMAL
2026-05-21T16:28:32,FPSO-02,TK-02,,VAZAO,PIPE-IN-02,ENTRADA,,114.7548,NORMAL
2026-05-21T16:28:34,FPSO-02,TK-02,,VAZAO,PIPE-IN-02,ENTRADA,,106.2171,NORMAL
2026-05-21T16:28:36,FPSO-02,TK-02,,VAZAO,PIPE-IN-02,ENTRADA,,109.0452,NORMAL
2026-05-21T16:28:38,FPSO-02,TK-02,,VAZAO,PIPE-IN-02,ENTRADA,,114.8308,NORMAL
2026-05-21T16:28:40,FPSO-02,TK-02,,VAZAO,PIPE-IN-02,ENTRADA,,113.4966,NORMAL
2026-05-21T16:28:42,FPSO-02,TK-02,,VAZAO,PIPE-IN-02,ENTRADA,,120.983,NORMAL
2026-05-21T16:28:44,FPSO-02,TK-02,,VAZAO,PIPE-IN-02,ENTRADA,,110.0305,NORMAL
2026-05-21T16:28:46,FPSO-02,TK-02,,VAZAO,PIPE-IN-02,ENTRADA,,124.1223,NORMAL
2026-05-21T16:28:48,FPSO-02,TK-02,,VAZAO,PIPE-IN-02,ENTRADA,,112.9803,NORMAL
2026-05-21T16:28:50,FPSO-02,TK-02,,VAZAO,PIPE-IN-02,ENTRADA,,123.6576,NORMAL
2026-05-21T16:28:52,FPSO-02,TK-02,,VAZAO,PIPE-IN-02,ENTRADA,,124.4461,NORMAL
2026-05-21T16:28:54,FPSO-02,TK-02,,VAZAO,PIPE-IN-02,ENTRADA,,118.6513,NORMAL
2026-05-21T16:28:56,FPSO-02,TK-02,,VAZAO,PIPE-IN-02,ENTRADA,,131.0147,NORMAL
2026-05-21T16:28:58,FPSO-02,TK-02,,VAZAO,PIPE-IN-02,ENTRADA,,118.9444,NORMAL
2026-05-21T16:29:00,FPSO-02,TK-02,,VAZAO,PIPE-IN-02,ENTRADA,,132.8606,NORMAL
2026-05-21T16:25:38,FPSO-02,TK-02,,VAZAO,PIPE-IN-03,ENTRADA,,130.3862,NORMAL
2026-05-21T16:25:40,FPSO-02,TK-02,,VAZAO,PIPE-IN-03,ENTRADA,,137.0584,NORMAL
2026-05-21T16:25:42,FPSO-02,TK-02,,VAZAO,PIPE-IN-03,ENTRADA,,126.7803,NORMAL
2026-05-21T16:25:44,FPSO-02,TK-02,,VAZAO,PIPE-IN-03,ENTRADA,,142.1297,NORMAL
2026-05-21T16:25:46,FPSO-02,TK-02,,VAZAO,PIPE-IN-03,ENTRADA,,131.0608,NORMAL
2026-05-21T16:25:48,FPSO-02,TK-02,,VAZAO,PIPE-IN-03,ENTRADA,,137.7157,NORMAL
2026-05-21T16:25:50,FPSO-02,TK-02,,VAZAO,PIPE-IN-03,ENTRADA,,144.5099,NORMAL
2026-05-21T16:25:52,FPSO-02,TK-02,,VAZAO,PIPE-IN-03,ENTRADA,,131.074,NORMAL
2026-05-21T16:25:54,FPSO-02,TK-02,,VAZAO,PIPE-IN-03,ENTRADA,,142.0522,NORMAL
2026-05-21T16:25:56,FPSO-02,TK-02,,VAZAO,PIPE-IN-03,ENTRADA,,128.5328,NORMAL
2026-05-21T16:25:58,FPSO-02,TK-02,,VAZAO,PIPE-IN-03,ENTRADA,,141.4641,NORMAL
2026-05-21T16:26:00,FPSO-02,TK-02,,VAZAO,PIPE-IN-03,ENTRADA,,135.5781,NORMAL
2026-05-21T16:26:02,FPSO-02,TK-02,,VAZAO,PIPE-IN-03,ENTRADA,,133.8384,NORMAL
2026-05-21T16:26:04,FPSO-02,TK-02,,VAZAO,PIPE-IN-03,ENTRADA,,141.086,NORMAL
2026-05-21T16:26:06,FPSO-02,TK-02,,VAZAO,PIPE-IN-03,ENTRADA,,130.0959,NORMAL
2026-05-21T16:26:08,FPSO-02,TK-02,,VAZAO,PIPE-IN-03,ENTRADA,,146.0623,NORMAL
2026-05-21T16:26:10,FPSO-02,TK-02,,VAZAO,PIPE-IN-03,ENTRADA,,137.3038,NORMAL
2026-05-21T16:26:12,FPSO-02,TK-02,,VAZAO,PIPE-IN-03,ENTRADA,,145.1317,NORMAL
2026-05-21T16:26:14,FPSO-02,TK-02,,VAZAO,PIPE-IN-03,ENTRADA,,133.3018,NORMAL
2026-05-21T16:26:16,FPSO-02,TK-02,,VAZAO,PIPE-IN-03,ENTRADA,,133.6928,NORMAL
2026-05-21T16:26:18,FPSO-02,TK-02,,VAZAO,PIPE-IN-03,ENTRADA,,136.0589,NORMAL
2026-05-21T16:26:20,FPSO-02,TK-02,,VAZAO,PIPE-IN-03,ENTRADA,,130.288,NORMAL
2026-05-21T16:26:22,FPSO-02,TK-02,,VAZAO,PIPE-IN-03,ENTRADA,,143.0844,NORMAL
2026-05-21T16:26:24,FPSO-02,TK-02,,VAZAO,PIPE-IN-03,ENTRADA,,131.137,NORMAL
2026-05-21T16:26:26,FPSO-02,TK-02,,VAZAO,PIPE-IN-03,ENTRADA,,142.8452,NORMAL
2026-05-21T16:26:28,FPSO-02,TK-02,,VAZAO,PIPE-IN-03,ENTRADA,,136.0168,NORMAL
2026-05-21T16:26:30,FPSO-02,TK-02,,VAZAO,PIPE-IN-03,ENTRADA,,123.6483,NORMAL
2026-05-21T16:26:33,FPSO-02,TK-02,,VAZAO,PIPE-IN-03,ENTRADA,,142.9297,NORMAL
2026-05-21T16:26:35,FPSO-02,TK-02,,VAZAO,PIPE-IN-03,ENTRADA,,127.5361,NORMAL
2026-05-21T16:26:37,FPSO-02,TK-02,,VAZAO,PIPE-IN-03,ENTRADA,,135.0645,NORMAL
2026-05-21T16:26:39,FPSO-02,TK-02,,VAZAO,PIPE-IN-03,ENTRADA,,134.3088,NORMAL
2026-05-21T16:26:41,FPSO-02,TK-02,,VAZAO,PIPE-IN-03,ENTRADA,,124.9649,NORMAL
2026-05-21T16:26:43,FPSO-02,TK-02,,VAZAO,PIPE-IN-03,ENTRADA,,131.8413,NORMAL
2026-05-21T16:26:45,FPSO-02,TK-02,,VAZAO,PIPE-IN-03,ENTRADA,,124.8845,NORMAL
2026-05-21T16:26:47,FPSO-02,TK-02,,VAZAO,PIPE-IN-03,ENTRADA,,137.8547,NORMAL
2026-05-21T16:26:49,FPSO-02,TK-02,,VAZAO,PIPE-IN-03,ENTRADA,,123.8853,NORMAL
2026-05-21T16:26:51,FPSO-02,TK-02,,VAZAO,PIPE-IN-03,ENTRADA,,136.09,NORMAL
2026-05-21T16:26:53,FPSO-02,TK-02,,VAZAO,PIPE-IN-03,ENTRADA,,129.1537,NORMAL
2026-05-21T16:26:55,FPSO-02,TK-02,,VAZAO,PIPE-IN-03,ENTRADA,,118.0427,NORMAL
2026-05-21T16:26:57,FPSO-02,TK-02,,VAZAO,PIPE-IN-03,ENTRADA,,132.7492,NORMAL
2026-05-21T16:26:59,FPSO-02,TK-02,,VAZAO,PIPE-IN-03,ENTRADA,,114.8606,NORMAL
2026-05-21T16:27:01,FPSO-02,TK-02,,VAZAO,PIPE-IN-03,ENTRADA,,132.5604,NORMAL
2026-05-21T16:27:03,FPSO-02,TK-02,,VAZAO,PIPE-IN-03,ENTRADA,,120.7773,NORMAL
2026-05-21T16:27:05,FPSO-02,TK-02,,VAZAO,PIPE-IN-03,ENTRADA,,117.5103,NORMAL
2026-05-21T16:27:07,FPSO-02,TK-02,,VAZAO,PIPE-IN-03,ENTRADA,,129.2678,NORMAL
2026-05-21T16:27:09,FPSO-02,TK-02,,VAZAO,PIPE-IN-03,ENTRADA,,114.7772,NORMAL
2026-05-21T16:27:11,FPSO-02,TK-02,,VAZAO,PIPE-IN-03,ENTRADA,,123.4051,NORMAL
2026-05-21T16:27:13,FPSO-02,TK-02,,VAZAO,PIPE-IN-03,ENTRADA,,115.048,NORMAL
2026-05-21T16:27:15,FPSO-02,TK-02,,VAZAO,PIPE-IN-03,ENTRADA,,124.4077,NORMAL
2026-05-21T16:27:17,FPSO-02,TK-02,,VAZAO,PIPE-IN-03,ENTRADA,,120.067,NORMAL
2026-05-21T16:27:19,FPSO-02,TK-02,,VAZAO,PIPE-IN-03,ENTRADA,,113.2426,NORMAL
2026-05-21T16:27:21,FPSO-02,TK-02,,VAZAO,PIPE-IN-03,ENTRADA,,120.8269,NORMAL
2026-05-21T16:27:23,FPSO-02,TK-02,,VAZAO,PIPE-IN-03,ENTRADA,,109.1371,NORMAL
2026-05-21T16:27:25,FPSO-02,TK-02,,VAZAO,PIPE-IN-03,ENTRADA,,126.1371,NORMAL
2026-05-21T16:27:27,FPSO-02,TK-02,,VAZAO,PIPE-IN-03,ENTRADA,,108.6373,NORMAL
2026-05-21T16:27:29,FPSO-02,TK-02,,VAZAO,PIPE-IN-03,ENTRADA,,107.4498,NORMAL
2026-05-21T16:27:31,FPSO-02,TK-02,,VAZAO,PIPE-IN-03,ENTRADA,,110.0305,NORMAL
2026-05-21T16:27:33,FPSO-02,TK-02,,VAZAO,PIPE-IN-03,ENTRADA,,105.7524,NORMAL
2026-05-21T16:27:35,FPSO-02,TK-02,,VAZAO,PIPE-IN-03,ENTRADA,,112.2811,NORMAL
2026-05-21T16:27:37,FPSO-02,TK-02,,VAZAO,PIPE-IN-03,ENTRADA,,99.649,NORMAL
2026-05-21T16:27:39,FPSO-02,TK-02,,VAZAO,PIPE-IN-03,ENTRADA,,114.6091,NORMAL
2026-05-21T16:27:41,FPSO-02,TK-02,,VAZAO,PIPE-IN-03,ENTRADA,,102.1009,NORMAL
2026-05-21T16:27:43,FPSO-02,TK-02,,VAZAO,PIPE-IN-03,ENTRADA,,109.3718,NORMAL
2026-05-21T16:27:45,FPSO-02,TK-02,,VAZAO,PIPE-IN-03,ENTRADA,,113.8429,NORMAL
2026-05-21T16:27:47,FPSO-02,TK-02,,VAZAO,PIPE-IN-03,ENTRADA,,100.4053,NORMAL
2026-05-21T16:27:49,FPSO-02,TK-02,,VAZAO,PIPE-IN-03,ENTRADA,,115.1134,NORMAL
2026-05-21T16:27:51,FPSO-02,TK-02,,VAZAO,PIPE-IN-03,ENTRADA,,95.8466,NORMAL
2026-05-21T16:27:53,FPSO-02,TK-02,,VAZAO,PIPE-IN-03,ENTRADA,,105.7984,NORMAL
2026-05-21T16:27:55,FPSO-02,TK-02,,VAZAO,PIPE-IN-03,ENTRADA,,104.5705,NORMAL
2026-05-21T16:27:57,FPSO-02,TK-02,,VAZAO,PIPE-IN-03,ENTRADA,,98.5252,NORMAL
2026-05-21T16:27:59,FPSO-02,TK-02,,VAZAO,PIPE-IN-03,ENTRADA,,108.2113,NORMAL
2026-05-21T16:28:01,FPSO-02,TK-02,,VAZAO,PIPE-IN-03,ENTRADA,,99.9881,NORMAL
2026-05-21T16:28:03,FPSO-02,TK-02,,VAZAO,PIPE-IN-03,ENTRADA,,106.7622,NORMAL
2026-05-21T16:28:05,FPSO-02,TK-02,,VAZAO,PIPE-IN-03,ENTRADA,,94.9174,NORMAL
2026-05-21T16:28:07,FPSO-02,TK-02,,VAZAO,PIPE-IN-03,ENTRADA,,99.4453,NORMAL
2026-05-21T16:28:09,FPSO-02,TK-02,,VAZAO,PIPE-IN-03,ENTRADA,,108.1502,NORMAL
2026-05-21T16:28:11,FPSO-02,TK-02,,VAZAO,PIPE-IN-03,ENTRADA,,99.5523,NORMAL
2026-05-21T16:28:13,FPSO-02,TK-02,,VAZAO,PIPE-IN-03,ENTRADA,,111.4378,NORMAL
2026-05-21T16:28:15,FPSO-02,TK-02,,VAZAO,PIPE-IN-03,ENTRADA,,97.7702,NORMAL
2026-05-21T16:28:17,FPSO-02,TK-02,,VAZAO,PIPE-IN-03,ENTRADA,,110.7458,NORMAL
2026-05-21T16:28:19,FPSO-02,TK-02,,VAZAO,PIPE-IN-03,ENTRADA,,97.3379,NORMAL
2026-05-21T16:28:21,FPSO-02,TK-02,,VAZAO,PIPE-IN-03,ENTRADA,,98.6268,NORMAL
2026-05-21T16:28:23,FPSO-02,TK-02,,VAZAO,PIPE-IN-03,ENTRADA,,105.4937,NORMAL
2026-05-21T16:28:25,FPSO-02,TK-02,,VAZAO,PIPE-IN-03,ENTRADA,,105.2207,NORMAL
2026-05-21T16:28:28,FPSO-02,TK-02,,VAZAO,PIPE-IN-03,ENTRADA,,111.444,NORMAL
2026-05-21T16:28:30,FPSO-02,TK-02,,VAZAO,PIPE-IN-03,ENTRADA,,100.302,NORMAL
2026-05-21T16:28:32,FPSO-02,TK-02,,VAZAO,PIPE-IN-03,ENTRADA,,116.2042,NORMAL
2026-05-21T16:28:34,FPSO-02,TK-02,,VAZAO,PIPE-IN-03,ENTRADA,,101.239,NORMAL
2026-05-21T16:28:36,FPSO-02,TK-02,,VAZAO,PIPE-IN-03,ENTRADA,,114.2157,NORMAL
2026-05-21T16:28:38,FPSO-02,TK-02,,VAZAO,PIPE-IN-03,ENTRADA,,113.927,NORMAL
2026-05-21T16:28:40,FPSO-02,TK-02,,VAZAO,PIPE-IN-03,ENTRADA,,110.9788,NORMAL
2026-05-21T16:28:42,FPSO-02,TK-02,,VAZAO,PIPE-IN-03,ENTRADA,,119.4671,NORMAL
2026-05-21T16:28:44,FPSO-02,TK-02,,VAZAO,PIPE-IN-03,ENTRADA,,114.4177,NORMAL
2026-05-21T16:28:46,FPSO-02,TK-02,,VAZAO,PIPE-IN-03,ENTRADA,,123.8721,NORMAL
2026-05-21T16:28:48,FPSO-02,TK-02,,VAZAO,PIPE-IN-03,ENTRADA,,118.0714,NORMAL
2026-05-21T16:28:50,FPSO-02,TK-02,,VAZAO,PIPE-IN-03,ENTRADA,,118.1566,NORMAL
2026-05-21T16:28:52,FPSO-02,TK-02,,VAZAO,PIPE-IN-03,ENTRADA,,127.993,NORMAL
2026-05-21T16:28:54,FPSO-02,TK-02,,VAZAO,PIPE-IN-03,ENTRADA,,119.3381,NORMAL
2026-05-21T16:28:56,FPSO-02,TK-02,,VAZAO,PIPE-IN-03,ENTRADA,,137.3887,NORMAL
2026-05-21T16:28:58,FPSO-02,TK-02,,VAZAO,PIPE-IN-03,ENTRADA,,112.0259,NORMAL
2026-05-21T16:29:00,FPSO-02,TK-02,,VAZAO,PIPE-IN-03,ENTRADA,,132.8212,NORMAL
2026-05-21T16:25:38,FPSO-02,TK-02,PAR,NIVEL,,,20.0171,,NORMAL
2026-05-21T16:25:40,FPSO-02,TK-02,PAR,NIVEL,,,19.9246,,NORMAL
2026-05-21T16:25:42,FPSO-02,TK-02,PAR,NIVEL,,,20.2358,,NORMAL
2026-05-21T16:25:44,FPSO-02,TK-02,PAR,NIVEL,,,20.037,,NORMAL
2026-05-21T16:25:46,FPSO-02,TK-02,PAR,NIVEL,,,19.9676,,NORMAL
2026-05-21T16:25:48,FPSO-02,TK-02,PAR,NIVEL,,,19.8278,,NORMAL
2026-05-21T16:25:50,FPSO-02,TK-02,PAR,NIVEL,,,20.0355,,NORMAL
2026-05-21T16:25:52,FPSO-02,TK-02,PAR,NIVEL,,,19.9329,,NORMAL
2026-05-21T16:25:54,FPSO-02,TK-02,PAR,NIVEL,,,20.2263,,NORMAL
2026-05-21T16:25:56,FPSO-02,TK-02,PAR,NIVEL,,,19.9675,,NORMAL
2026-05-21T16:25:58,FPSO-02,TK-02,PAR,NIVEL,,,19.8082,,NORMAL
2026-05-21T16:26:00,FPSO-02,TK-02,PAR,NIVEL,,,19.9233,,NORMAL
2026-05-21T16:26:02,FPSO-02,TK-02,PAR,NIVEL,,,20.0981,,NORMAL
2026-05-21T16:26:04,FPSO-02,TK-02,PAR,NIVEL,,,20.0207,,NORMAL
2026-05-21T16:26:06,FPSO-02,TK-02,PAR,NIVEL,,,20.1806,,NORMAL
2026-05-21T16:26:08,FPSO-02,TK-02,PAR,NIVEL,,,19.9118,,NORMAL
2026-05-21T16:26:10,FPSO-02,TK-02,PAR,NIVEL,,,20.0769,,NORMAL
2026-05-21T16:26:12,FPSO-02,TK-02,PAR,NIVEL,,,20.036,,NORMAL
2026-05-21T16:26:14,FPSO-02,TK-02,PAR,NIVEL,,,20.2015,,NORMAL
2026-05-21T16:26:16,FPSO-02,TK-02,PAR,NIVEL,,,20.0611,,NORMAL
2026-05-21T16:26:18,FPSO-02,TK-02,PAR,NIVEL,,,19.7467,,NORMAL
2026-05-21T16:26:20,FPSO-02,TK-02,PAR,NIVEL,,,20.1417,,NORMAL
2026-05-21T16:26:22,FPSO-02,TK-02,PAR,NIVEL,,,19.9982,,NORMAL
2026-05-21T16:26:24,FPSO-02,TK-02,PAR,NIVEL,,,19.8231,,NORMAL
2026-05-21T16:26:26,FPSO-02,TK-02,PAR,NIVEL,,,20.1562,,NORMAL
2026-05-21T16:26:28,FPSO-02,TK-02,PAR,NIVEL,,,19.899,,NORMAL
2026-05-21T16:26:30,FPSO-02,TK-02,PAR,NIVEL,,,19.8611,,NORMAL
2026-05-21T16:26:33,FPSO-02,TK-02,PAR,NIVEL,,,19.8905,,NORMAL
2026-05-21T16:26:35,FPSO-02,TK-02,PAR,NIVEL,,,20.0863,,NORMAL
2026-05-21T16:26:37,FPSO-02,TK-02,PAR,NIVEL,,,20.0135,,NORMAL
2026-05-21T16:26:39,FPSO-02,TK-02,PAR,NIVEL,,,19.9636,,NORMAL
2026-05-21T16:26:41,FPSO-02,TK-02,PAR,NIVEL,,,20.0967,,NORMAL
2026-05-21T16:26:43,FPSO-02,TK-02,PAR,NIVEL,,,20.1463,,NORMAL
2026-05-21T16:26:45,FPSO-02,TK-02,PAR,NIVEL,,,20.0589,,NORMAL
2026-05-21T16:26:47,FPSO-02,TK-02,PAR,NIVEL,,,20.0909,,NORMAL
2026-05-21T16:26:49,FPSO-02,TK-02,PAR,NIVEL,,,19.9877,,NORMAL
2026-05-21T16:26:51,FPSO-02,TK-02,PAR,NIVEL,,,20.062,,NORMAL
2026-05-21T16:26:53,FPSO-02,TK-02,PAR,NIVEL,,,20.1311,,NORMAL
2026-05-21T16:26:55,FPSO-02,TK-02,PAR,NIVEL,,,20.2284,,NORMAL
2026-05-21T16:26:57,FPSO-02,TK-02,PAR,NIVEL,,,20.2308,,NORMAL
2026-05-21T16:26:59,FPSO-02,TK-02,PAR,NIVEL,,,19.8906,,NORMAL
2026-05-21T16:27:01,FPSO-02,TK-02,PAR,NIVEL,,,19.973,,NORMAL
2026-05-21T16:27:03,FPSO-02,TK-02,PAR,NIVEL,,,19.9596,,NORMAL
2026-05-21T16:27:05,FPSO-02,TK-02,PAR,NIVEL,,,20.1131,,NORMAL
2026-05-21T16:27:07,FPSO-02,TK-02,PAR,NIVEL,,,20.0918,,NORMAL
2026-05-21T16:27:09,FPSO-02,TK-02,PAR,NIVEL,,,20.0633,,NORMAL
2026-05-21T16:27:11,FPSO-02,TK-02,PAR,NIVEL,,,20.0142,,NORMAL
2026-05-21T16:27:13,FPSO-02,TK-02,PAR,NIVEL,,,20.097,,NORMAL
2026-05-21T16:27:15,FPSO-02,TK-02,PAR,NIVEL,,,19.9337,,NORMAL
2026-05-21T16:27:17,FPSO-02,TK-02,PAR,NIVEL,,,20.0648,,NORMAL
2026-05-21T16:27:19,FPSO-02,TK-02,PAR,NIVEL,,,19.9702,,NORMAL
2026-05-21T16:27:21,FPSO-02,TK-02,PAR,NIVEL,,,20.1207,,NORMAL
2026-05-21T16:27:23,FPSO-02,TK-02,PAR,NIVEL,,,19.8419,,NORMAL
2026-05-21T16:27:25,FPSO-02,TK-02,PAR,NIVEL,,,20.0938,,NORMAL
2026-05-21T16:27:27,FPSO-02,TK-02,PAR,NIVEL,,,19.8314,,NORMAL
2026-05-21T16:27:29,FPSO-02,TK-02,PAR,NIVEL,,,19.983,,NORMAL
2026-05-21T16:27:31,FPSO-02,TK-02,PAR,NIVEL,,,20.0527,,NORMAL
2026-05-21T16:27:33,FPSO-02,TK-02,PAR,NIVEL,,,20.0881,,NORMAL
2026-05-21T16:27:35,FPSO-02,TK-02,PAR,NIVEL,,,20.0287,,NORMAL
2026-05-21T16:27:37,FPSO-02,TK-02,PAR,NIVEL,,,19.7725,,NORMAL
2026-05-21T16:27:39,FPSO-02,TK-02,PAR,NIVEL,,,20.059,,NORMAL
2026-05-21T16:27:41,FPSO-02,TK-02,PAR,NIVEL,,,20.2562,,NORMAL
2026-05-21T16:27:43,FPSO-02,TK-02,PAR,NIVEL,,,20.0023,,NORMAL
2026-05-21T16:27:45,FPSO-02,TK-02,PAR,NIVEL,,,20.0599,,NORMAL
2026-05-21T16:27:47,FPSO-02,TK-02,PAR,NIVEL,,,20.0787,,NORMAL
2026-05-21T16:27:49,FPSO-02,TK-02,PAR,NIVEL,,,20.2848,,NORMAL
2026-05-21T16:27:51,FPSO-02,TK-02,PAR,NIVEL,,,20.1478,,NORMAL
2026-05-21T16:27:53,FPSO-02,TK-02,PAR,NIVEL,,,20.1572,,NORMAL
2026-05-21T16:27:55,FPSO-02,TK-02,PAR,NIVEL,,,20.1004,,NORMAL
2026-05-21T16:27:57,FPSO-02,TK-02,PAR,NIVEL,,,20.1805,,NORMAL
2026-05-21T16:27:59,FPSO-02,TK-02,PAR,NIVEL,,,20.1764,,NORMAL
2026-05-21T16:28:01,FPSO-02,TK-02,PAR,NIVEL,,,20.3203,,NORMAL
2026-05-21T16:28:03,FPSO-02,TK-02,PAR,NIVEL,,,19.9722,,NORMAL
2026-05-21T16:28:05,FPSO-02,TK-02,PAR,NIVEL,,,19.9207,,NORMAL
2026-05-21T16:28:07,FPSO-02,TK-02,PAR,NIVEL,,,20.0192,,NORMAL
2026-05-21T16:28:09,FPSO-02,TK-02,PAR,NIVEL,,,20.3876,,NORMAL
2026-05-21T16:28:11,FPSO-02,TK-02,PAR,NIVEL,,,20.1381,,NORMAL
2026-05-21T16:28:13,FPSO-02,TK-02,PAR,NIVEL,,,19.9373,,NORMAL
2026-05-21T16:28:15,FPSO-02,TK-02,PAR,NIVEL,,,20.0168,,NORMAL
2026-05-21T16:28:17,FPSO-02,TK-02,PAR,NIVEL,,,20.0773,,NORMAL
2026-05-21T16:28:19,FPSO-02,TK-02,PAR,NIVEL,,,20.0769,,NORMAL
2026-05-21T16:28:21,FPSO-02,TK-02,PAR,NIVEL,,,20.155,,NORMAL
2026-05-21T16:28:23,FPSO-02,TK-02,PAR,NIVEL,,,20.1451,,NORMAL
2026-05-21T16:28:25,FPSO-02,TK-02,PAR,NIVEL,,,20.0903,,NORMAL
2026-05-21T16:28:28,FPSO-02,TK-02,PAR,NIVEL,,,19.9914,,NORMAL
2026-05-21T16:28:30,FPSO-02,TK-02,PAR,NIVEL,,,20.1246,,NORMAL
2026-05-21T16:28:32,FPSO-02,TK-02,PAR,NIVEL,,,20.0741,,NORMAL
2026-05-21T16:28:34,FPSO-02,TK-02,PAR,NIVEL,,,20.2445,,NORMAL
2026-05-21T16:28:36,FPSO-02,TK-02,PAR,NIVEL,,,20.1039,,NORMAL
2026-05-21T16:28:38,FPSO-02,TK-02,PAR,NIVEL,,,20.2069,,NORMAL
2026-05-21T16:28:40,FPSO-02,TK-02,PAR,NIVEL,,,20.0882,,NORMAL
2026-05-21T16:28:42,FPSO-02,TK-02,PAR,NIVEL,,,20.1768,,NORMAL
2026-05-21T16:28:44,FPSO-02,TK-02,PAR,NIVEL,,,20.0422,,NORMAL
2026-05-21T16:28:46,FPSO-02,TK-02,PAR,NIVEL,,,20.1396,,NORMAL
2026-05-21T16:28:48,FPSO-02,TK-02,PAR,NIVEL,,,20.1415,,NORMAL
2026-05-21T16:28:50,FPSO-02,TK-02,PAR,NIVEL,,,20.0339,,NORMAL
2026-05-21T16:28:52,FPSO-02,TK-02,PAR,NIVEL,,,20.1587,,NORMAL
2026-05-21T16:28:54,FPSO-02,TK-02,PAR,NIVEL,,,20.3345,,NORMAL
2026-05-21T16:28:56,FPSO-02,TK-02,PAR,NIVEL,,,20.2277,,NORMAL
2026-05-21T16:28:58,FPSO-02,TK-02,PAR,NIVEL,,,19.9164,,NORMAL
2026-05-21T16:29:00,FPSO-02,TK-02,PAR,NIVEL,,,20.0306,,NORMAL
